{
    "lights": [
        {
            "ambient": [
                0.32600000500679016,
                0.13199999928474426,
                0.25099998712539673
            ],
            "diffuse": [
                0.4740000069141388,
                0.3319999873638153,
                0.2199999988079071
            ],
            "direction": [
                0.20000000298023224,
                -0.9049999713897705,
                -0.550000011920929
            ],
            "name": "global",
            "specular": [
                0.5740000009536743,
                0.18400000035762787,
                0.12600000202655792
            ],
            "type": "directional"
        },
        {
            "ambient": [
                1.0,
                1.0,
                1.0
            ],
            "diffuse": [
                1.0,
                1.0,
                1.0
            ],
            "name": "point0",
            "position": [
                -1.0529999732971191,
                0.5260000228881836,
                -1.0470000505447388
            ],
            "specular": [
                1.0,
                1.0,
                1.0
            ],
            "type": "point"
        }
    ]
}