{
    "lights": [
        {
            "ambient": [
                1.0,
                1.0,
                1.0
            ],
            "diffuse": [
                1.0,
                1.0,
                1.0
            ],
            "direction": [
                0.20000000298023224,
                -0.9049999713897705,
                -0.550000011920929
            ],
            "name": "global",
            "specular": [
                1.0,
                1.0,
                1.0
            ],
            "type": "directional"
        },
        {
            "ambient": [
                1.0,
                1.0,
                1.0
            ],
            "diffuse": [
                1.0,
                1.0,
                1.0
            ],
            "name": "point0",
            "position": [
                0.0,
                -5.263000011444092,
                7.390999794006348
            ],
            "specular": [
                1.0,
                1.0,
                1.0
            ],
            "type": "point"
        }
    ]
}